resume,role
"Expert in Java Spring Boot and REST APIs",Java Developer
"Senior Java Engineer with Hibernate and Microservices experience",Java Developer
"Java developer proficient in JUnit testing and Maven",Java Developer
"Building enterprise applications using J2EE",Java Developer
"Backend logic using Java streams and collections",Java Developer
"Knowledge of React JS HTML CSS and frontend design",Web Developer
"Full stack developer with Node JS and React expertise",Web Developer
"Frontend engineer specialized in Vue JS and Tailwind CSS",Web Developer
"Responsive web design using Bootstrap and JavaScript",Web Developer
"Built an online ecommerce website using MERN stack",Web Developer
"Proficient in Python Pandas Scikit-learn and AI",Data Scientist
"Data cleaning and visualization using Matplotlib and Seaborn",Data Scientist
"Machine learning engineer with TensorFlow and PyTorch experience",Data Scientist
"Deep learning specialist working on NLP and computer vision",Data Scientist
"Statistical analysis and predictive modeling with Python",Data Scientist
"Managed sales team and increased revenue by 20%",Sales Manager
"B2B sales executive with experience in CRM software",Sales Manager
"Lead generation and client relationship management",Sales Manager
"Regional sales director focused on market expansion",Sales Manager
"Expert in negotiation and closing high-value deals",Sales Manager
"Skilled in HR policies recruitment and employee relations",HR Specialist
"Human resources manager handling payroll and compliance",HR Specialist
"Talent acquisition specialist for technical hiring",HR Specialist
"Employee engagement and performance appraisal management",HR Specialist
"Resolving employee conflicts and labor law compliance",HR Specialist
"Designing logos brochures and brand identity using Adobe Photoshop",Graphic Designer
"Expert in Illustrator and InDesign for print media",Graphic Designer
"Creative visual designer for social media graphics",Graphic Designer
"Video editing and motion graphics using After Effects",Graphic Designer
"UI UX designer creating wireframes in Figma and Adobe XD",Graphic Designer
"Managing digital marketing campaigns and Google Ads",Digital Marketer
"SEO specialist focused on keyword research and organic ranking",Digital Marketer
"Social media manager for Instagram and LinkedIn growth",Digital Marketer
"Content marketing strategy and email automation",Digital Marketer
"Running Facebook ads and analyzing ROI metrics",Digital Marketer
"Certified public accountant CPA handling tax filings",Accountant
"Managing balance sheets profit and loss statements",Accountant
"Financial auditing and ledger reconciliation",Accountant
"Expert in QuickBooks Tally and financial reporting",Accountant
"Corporate finance analyst and budget planning",Accountant
"Project manager certified in PMP and Agile methodologies",Project Manager
"Scrum master facilitating daily standups and sprints",Project Manager
"Managing project timelines resources and stakeholders",Project Manager
"Risk management and delivery tracking using Jira",Project Manager
"Product owner defining roadmap and user stories",Project Manager
"Customer support executive handling inbound calls",Customer Support
"Resolving client tickets using Zendesk and Salesforce",Customer Support
"Technical support specialist for troubleshooting issues",Customer Support
"Client success manager ensuring customer satisfaction",Customer Support
"Call center representative with excellent communication skills",Customer Support
"Android app developer using Kotlin and Android Studio",Mobile Developer
"iOS developer proficient in Swift and Xcode",Mobile Developer
"Cross platform mobile app development using Flutter",Mobile Developer
"React Native developer building mobile interfaces",Mobile Developer
"Publishing apps to Google Play Store and Apple App Store",Mobile Developer
"Writing engaging blog posts and seo friendly articles",Content Writer
"Copywriter for landing pages and marketing emails",Content Writer
"Technical writer documenting API usage and manuals",Content Writer
"Editor and proofreader for digital content",Content Writer
"Creative writer for storytelling and scripts",Content Writer
"Network engineer configuring Cisco routers and switches",Network Engineer
"Managing firewalls VPNs and network security",Network Engineer
"Troubleshooting LAN WAN and TCP IP protocols",Network Engineer
"System administrator for Windows and Linux servers",Network Engineer
"CCNA certified professional for infrastructure management",Network Engineer
"Manual testing of web applications and bug reporting",QA Engineer
"Automation testing using Selenium and Java",QA Engineer
"Writing test cases and executing regression testing",QA Engineer
"Performance testing using JMeter and LoadRunner",QA Engineer
"Quality assurance analyst ensuring software standards",QA Engineer